;data;ora (UTC);valore;flag validazione;casta_mm;casta_flag
0;2018-11-01;01:00;8.2;0;3.8;Z
1;2018-11-01;02:00;8.3;0;5.0;Z
2;2018-11-01;03:00;8.2;0;5.4;Z
3;2018-11-01;04:00;8.2;0;5.4;Z
4;2018-11-01;05:00;8.1;0;5.0;Z
5;2018-11-01;06:00;8.1;0;7.0;Z
6;2018-11-01;07:00;8.1;0;1.8;Z
7;2018-11-01;08:00;8.2;0;0.2;Z
8;2018-11-01;09:00;8.2;0;0.0;Z
9;2018-11-01;10:00;7.9;0;0.0;Z
10;2018-11-01;11:00;8.3;0;0.0;Z
11;2018-11-01;12:00;8.2;0;0.0;Z
12;2018-11-01;13:00;8.2;0;0.0;Z
13;2018-11-01;14:00;8.5;0;0.0;Z
14;2018-11-01;15:00;8.3;0;0.0;Z
15;2018-11-01;16:00;8.1;0;0.0;Z
16;2018-11-01;17:00;8.2;0;0.0;Z
17;2018-11-01;18:00;8.1;0;0.0;Z
18;2018-11-01;19:00;8.1;0;0.0;Z
19;2018-11-01;20:00;8.0;0;0.0;Z
20;2018-11-01;21:00;7.7;0;0.0;Z
21;2018-11-01;22:00;7.8;0;0.0;Z
22;2018-11-01;23:00;8.1;0;0.0;Z
23;2018-11-02;00:00;8.0;0;0.6;Z
24;2018-11-02;01:00;7.9;0;0.2;Z
25;2018-11-02;02:00;8.2;0;0.0;Z
26;2018-11-02;03:00;8.1;0;0.4;Z
27;2018-11-02;04:00;8.3;0;0.2;Z
28;2018-11-02;05:00;8.3;0;0.2;Z
29;2018-11-02;06:00;8.2;0;0.2;Z
30;2018-11-02;07:00;8.5;0;0.0;Z
31;2018-11-02;08:00;8.6;0;0.2;Z
32;2018-11-02;09:00;8.7;0;0.0;Z
33;2018-11-02;10:00;9.2;0;0.0;Z
34;2018-11-02;11:00;9.4;0;0.0;Z
35;2018-11-02;12:00;11.0;0;0.0;Z
36;2018-11-02;13:00;11.6;0;0.0;Z
37;2018-11-02;14:00;11.7;0;0.0;Z
38;2018-11-02;15:00;14.1;0;0.0;Z
39;2018-11-02;16:00;11.5;0;0.0;Z
40;2018-11-02;17:00;10.9;0;0.0;Z
41;2018-11-02;18:00;10.7;0;0.0;Z
42;2018-11-02;19:00;10.1;0;0.0;Z
43;2018-11-02;20:00;10.3;0;0.0;Z
44;2018-11-02;21:00;10.8;0;0.0;Z
45;2018-11-02;22:00;10.5;0;0.0;Z
46;2018-11-02;23:00;10.2;0;0.4;Z
47;2018-11-03;00:00;9.5;0;0.4;Z
48;2018-11-03;01:00;9.3;0;2.2;Z
49;2018-11-03;02:00;9.3;0;2.2;Z
50;2018-11-03;03:00;9.0;0;0.8;Z
51;2018-11-03;04:00;9.3;0;0.6;Z
52;2018-11-03;05:00;9.4;0;2.4;Z
53;2018-11-03;06:00;8.8;0;1.0;Z
54;2018-11-03;07:00;8.9;0;0.0;Z
55;2018-11-03;08:00;9.2;0;0.0;Z
56;2018-11-03;09:00;10.2;0;0.0;Z
57;2018-11-03;10:00;10.6;0;1.0;Z
58;2018-11-03;11:00;10.5;0;0.2;Z
59;2018-11-03;12:00;11.1;0;0.6;Z
60;2018-11-03;13:00;11.3;0;0.0;Z
61;2018-11-03;14:00;11.5;0;0.0;Z
62;2018-11-03;15:00;12.1;0;0.0;Z
63;2018-11-03;16:00;11.4;0;0.0;Z
64;2018-11-03;17:00;11.5;0;0.0;Z
65;2018-11-03;18:00;11.6;0;0.0;Z
66;2018-11-03;19:00;12.1;0;0.6;Z
67;2018-11-03;20:00;12.8;0;0.0;Z
68;2018-11-03;21:00;12.3;0;0.0;Z
69;2018-11-03;22:00;12.5;0;0.0;Z
70;2018-11-03;23:00;13.5;0;0.0;Z
71;2018-11-04;00:00;12.6;0;0.0;Z
72;2018-11-04;01:00;13.0;0;0.0;Z
73;2018-11-04;02:00;12.4;0;0.0;Z
74;2018-11-04;03:00;11.5;0;0.0;Z
75;2018-11-04;04:00;12.9;0;0.0;Z
76;2018-11-04;05:00;13.8;0;0.0;Z
77;2018-11-04;06:00;13.4;0;0.0;Z
78;2018-11-04;07:00;13.9;0;0.0;Z
79;2018-11-04;08:00;13.8;0;0.0;Z
80;2018-11-04;09:00;13.6;0;0.0;Z
81;2018-11-04;10:00;13.8;0;0.0;Z
82;2018-11-04;11:00;14.0;0;0.0;Z
83;2018-11-04;12:00;14.1;0;0.0;Z
84;2018-11-04;13:00;13.7;0;0.0;Z
85;2018-11-04;14:00;13.3;0;0.0;Z
86;2018-11-04;15:00;12.7;0;0.0;Z
87;2018-11-04;16:00;12.6;0;0.0;Z
88;2018-11-04;17:00;12.4;0;0.2;Z
89;2018-11-04;18:00;12.2;0;0.0;Z
90;2018-11-04;19:00;12.3;0;0.2;Z
91;2018-11-04;20:00;12.3;0;0.0;Z
92;2018-11-04;21:00;12.1;0;0.0;Z
93;2018-11-04;22:00;11.9;0;0.0;Z
94;2018-11-04;23:00;11.8;0;0.0;Z
95;2018-11-05;00:00;11.8;0;0.0;Z
96;2018-11-05;01:00;11.8;0;0.0;Z
97;2018-11-05;02:00;11.8;0;0.0;Z
98;2018-11-05;03:00;11.9;0;0.0;Z
99;2018-11-05;04:00;11.7;0;0.2;Z
100;2018-11-05;05:00;11.5;0;0.0;Z
101;2018-11-05;06:00;11.7;0;0.2;Z
102;2018-11-05;07:00;11.0;0;0.0;Z
103;2018-11-05;08:00;11.0;0;0.2;Z
104;2018-11-05;09:00;11.3;0;0.0;Z
105;2018-11-05;10:00;12.0;0;0.0;Z
106;2018-11-05;11:00;11.9;0;0.0;Z
107;2018-11-05;12:00;11.8;0;0.0;Z
108;2018-11-05;13:00;11.9;0;0.0;Z
109;2018-11-05;14:00;11.5;0;0.2;Z
110;2018-11-05;15:00;11.5;0;0.6;Z
111;2018-11-05;16:00;11.5;0;0.0;Z
112;2018-11-05;17:00;11.5;0;0.2;Z
113;2018-11-05;18:00;11.6;0;0.2;Z
114;2018-11-05;19:00;11.7;0;0.0;Z
115;2018-11-05;20:00;11.7;0;0.2;Z
116;2018-11-05;21:00;11.8;0;0.0;Z
117;2018-11-05;22:00;11.8;0;0.4;Z
118;2018-11-05;23:00;11.8;0;0.8;Z
119;2018-11-06;00:00;11.8;0;0.8;Z
120;2018-11-06;01:00;11.7;0;1.4;Z
121;2018-11-06;02:00;11.8;0;1.4;Z
122;2018-11-06;03:00;11.9;0;0.4;Z
123;2018-11-06;04:00;12.0;0;1.0;Z
124;2018-11-06;05:00;11.9;0;2.0;Z
125;2018-11-06;06:00;11.9;0;3.0;Z
126;2018-11-06;07:00;11.8;0;0.2;Z
127;2018-11-06;08:00;11.9;0;1.2;Z
128;2018-11-06;09:00;12.0;0;2.0;Z
129;2018-11-06;10:00;12.3;0;0.0;Z
130;2018-11-06;11:00;12.2;0;0.4;Z
131;2018-11-06;12:00;12.4;0;4.0;Z
132;2018-11-06;13:00;12.4;0;0.2;Z
133;2018-11-06;14:00;12.5;0;0.0;Z
134;2018-11-06;15:00;12.3;0;0.2;Z
135;2018-11-06;16:00;11.9;0;0.0;Z
136;2018-11-06;17:00;11.5;0;0.4;Z
137;2018-11-06;18:00;11.4;0;0.0;Z
138;2018-11-06;19:00;11.5;0;1.0;Z
139;2018-11-06;20:00;11.1;0;0.2;Z
140;2018-11-06;21:00;11.0;0;1.0;Z
141;2018-11-06;22:00;10.9;0;0.4;Z
142;2018-11-06;23:00;10.9;0;0.2;Z
143;2018-11-07;00:00;10.6;0;0.2;Z
144;2018-11-07;01:00;10.7;0;0.0;Z
145;2018-11-07;02:00;10.3;0;0.0;Z
146;2018-11-07;03:00;10.4;0;0.0;Z
147;2018-11-07;04:00;9.9;0;0.0;Z
148;2018-11-07;05:00;10.0;0;0.0;Z
149;2018-11-07;06:00;9.3;0;0.0;Z
150;2018-11-07;07:00;9.2;0;0.0;Z
151;2018-11-07;08:00;9.8;0;0.0;Z
152;2018-11-07;09:00;10.8;0;0.0;Z
153;2018-11-07;10:00;10.3;0;0.0;Z
154;2018-11-07;11:00;11.3;0;0.0;Z
155;2018-11-07;12:00;11.5;0;0.0;Z
156;2018-11-07;13:00;11.4;0;0.0;Z
157;2018-11-07;14:00;11.7;0;0.0;Z
158;2018-11-07;15:00;11.2;0;0.0;Z
159;2018-11-07;16:00;10.4;0;0.0;Z
160;2018-11-07;17:00;10.3;0;0.0;Z
161;2018-11-07;18:00;10.3;0;0.2;Z
162;2018-11-07;19:00;10.3;0;0.0;Z
163;2018-11-07;20:00;10.1;0;0.0;Z
164;2018-11-07;21:00;10.1;0;0.0;Z
165;2018-11-07;22:00;10.2;0;0.0;Z
166;2018-11-07;23:00;10.4;0;0.0;Z
167;2018-11-08;00:00;10.6;0;0.2;Z
168;2018-11-08;01:00;10.1;0;0.0;Z
169;2018-11-08;02:00;10.3;0;0.0;Z
170;2018-11-08;03:00;10.3;0;0.0;Z
171;2018-11-08;04:00;10.3;0;0.2;Z
172;2018-11-08;05:00;10.4;0;0.0;Z
173;2018-11-08;06:00;10.3;0;0.0;Z
174;2018-11-08;07:00;10.4;0;0.0;Z
175;2018-11-08;08:00;10.6;0;0.0;Z
176;2018-11-08;09:00;10.8;0;0.0;Z
177;2018-11-08;10:00;10.7;0;0.0;Z
178;2018-11-08;11:00;10.9;0;0.0;Z
179;2018-11-08;12:00;11.4;0;0.0;Z
180;2018-11-08;13:00;11.2;0;0.0;Z
181;2018-11-08;14:00;11.4;0;0.0;Z
182;2018-11-08;15:00;11.2;0;0.0;Z
183;2018-11-08;16:00;10.8;0;0.0;Z
184;2018-11-08;17:00;10.8;0;0.4;Z
185;2018-11-08;18:00;10.5;0;0.2;Z
186;2018-11-08;19:00;10.6;0;0.0;Z
187;2018-11-08;20:00;10.6;0;0.0;Z
188;2018-11-08;21:00;10.6;0;0.0;Z
189;2018-11-08;22:00;10.6;0;0.0;Z
190;2018-11-08;23:00;10.4;0;0.0;Z
191;2018-11-09;00:00;10.2;0;0.0;Z
192;2018-11-09;01:00;10.3;0;0.2;Z
193;2018-11-09;02:00;10.4;0;0.0;Z
194;2018-11-09;03:00;10.4;0;0.0;Z
195;2018-11-09;04:00;10.2;0;0.2;Z
196;2018-11-09;05:00;10.2;0;0.0;Z
197;2018-11-09;06:00;10.2;0;0.0;Z
198;2018-11-09;07:00;10.5;0;0.0;Z
199;2018-11-09;08:00;10.5;0;0.0;Z
200;2018-11-09;09:00;10.7;0;0.6;Z
201;2018-11-09;10:00;11.3;0;0.0;Z
202;2018-11-09;11:00;11.4;0;0.0;Z
203;2018-11-09;12:00;11.1;0;0.0;Z
204;2018-11-09;13:00;11.3;0;0.0;Z
205;2018-11-09;14:00;11.5;0;0.2;Z
206;2018-11-09;15:00;11.0;0;0.0;Z
207;2018-11-09;16:00;11.0;0;0.2;Z
208;2018-11-09;17:00;10.6;0;0.2;Z
209;2018-11-09;18:00;10.6;0;6.2;Z
210;2018-11-09;19:00;10.4;0;0.2;Z
211;2018-11-09;20:00;10.5;0;0.0;Z
212;2018-11-09;21:00;10.2;0;0.0;Z
213;2018-11-09;22:00;9.9;0;0.0;Z
214;2018-11-09;23:00;10.2;0;0.0;Z
215;2018-11-10;00:00;9.8;0;0.2;Z
216;2018-11-10;01:00;10.0;0;0.0;Z
217;2018-11-10;02:00;10.0;0;0.0;Z
218;2018-11-10;03:00;10.1;0;0.0;Z
219;2018-11-10;04:00;10.2;0;0.0;Z
220;2018-11-10;05:00;10.1;0;0.0;Z
221;2018-11-10;06:00;10.1;0;0.0;Z
222;2018-11-10;07:00;10.0;0;0.4;Z
223;2018-11-10;08:00;10.2;0;0.4;Z
224;2018-11-10;09:00;10.4;0;0.4;Z
225;2018-11-10;10:00;10.7;0;0.4;Z
226;2018-11-10;11:00;10.8;0;0.0;Z
227;2018-11-10;12:00;10.8;0;0.4;Z
228;2018-11-10;13:00;10.8;0;0.0;Z
229;2018-11-10;14:00;10.5;0;0.4;Z
230;2018-11-10;15:00;10.2;0;0.2;Z
231;2018-11-10;16:00;10.1;0;0.4;Z
232;2018-11-10;17:00;10.0;0;0.4;Z
233;2018-11-10;18:00;9.7;0;0.4;Z
234;2018-11-10;19:00;9.6;0;0.0;Z
235;2018-11-10;20:00;9.7;0;0.2;Z
236;2018-11-10;21:00;9.8;0;0.2;Z
237;2018-11-10;22:00;9.8;0;0.0;Z
238;2018-11-10;23:00;9.8;0;0.2;Z
239;2018-11-11;00:00;9.8;0;0.0;Z
240;2018-11-11;01:00;9.6;0;0.0;Z
241;2018-11-11;02:00;9.5;0;0.0;Z
242;2018-11-11;03:00;9.4;0;0.0;Z
243;2018-11-11;04:00;9.4;0;0.2;Z
244;2018-11-11;05:00;9.4;0;0.0;Z
245;2018-11-11;06:00;9.4;0;0.0;Z
246;2018-11-11;07:00;9.5;0;0.2;Z
247;2018-11-11;08:00;9.8;0;0.2;Z
248;2018-11-11;09:00;10.0;0;0.2;Z
249;2018-11-11;10:00;9.9;0;0.0;Z
250;2018-11-11;11:00;10.2;0;0.0;Z
251;2018-11-11;12:00;10.3;0;0.0;Z
252;2018-11-11;13:00;10.5;0;0.0;Z
253;2018-11-11;14:00;10.4;0;0.0;Z
254;2018-11-11;15:00;10.0;0;0.0;Z
255;2018-11-11;16:00;9.9;0;0.0;Z
256;2018-11-11;17:00;9.8;0;0.0;Z
257;2018-11-11;18:00;9.8;0;0.0;Z
258;2018-11-11;19:00;10.0;0;0.0;Z
259;2018-11-11;20:00;10.1;0;0.0;Z
260;2018-11-11;21:00;10.1;0;0.0;Z
261;2018-11-11;22:00;10.1;0;0.0;Z
262;2018-11-11;23:00;10.0;0;0.0;Z
263;2018-11-12;00:00;10.0;0;0.0;Z
264;2018-11-12;01:00;9.9;0;0.0;Z
265;2018-11-12;02:00;10.0;0;0.0;Z
266;2018-11-12;03:00;10.0;0;0.0;Z
267;2018-11-12;04:00;10.0;0;0.0;Z
268;2018-11-12;05:00;10.1;0;0.0;Z
269;2018-11-12;06:00;10.1;0;0.0;Z
270;2018-11-12;07:00;10.3;0;0.0;Z
271;2018-11-12;08:00;10.5;0;0.0;Z
272;2018-11-12;09:00;10.8;0;0.0;Z
273;2018-11-12;10:00;10.8;0;0.0;Z
274;2018-11-12;11:00;10.9;0;0.2;Z
275;2018-11-12;12:00;11.5;0;0.0;Z
276;2018-11-12;13:00;11.6;0;0.0;Z
277;2018-11-12;14:00;11.7;0;0.0;Z
278;2018-11-12;15:00;11.5;0;0.0;Z
279;2018-11-12;16:00;10.7;0;0.0;Z
280;2018-11-12;17:00;10.7;0;0.0;Z
281;2018-11-12;18:00;10.8;0;0.0;Z
282;2018-11-12;19:00;10.6;0;0.0;Z
283;2018-11-12;20:00;10.6;0;0.0;Z
284;2018-11-12;21:00;10.9;0;0.0;Z
285;2018-11-12;22:00;11.1;0;0.0;Z
286;2018-11-12;23:00;11.0;0;0.0;Z
287;2018-11-13;00:00;11.0;0;0.0;Z
288;2018-11-13;01:00;10.3;0;0.0;Z
289;2018-11-13;02:00;10.5;0;0.0;Z
290;2018-11-13;03:00;10.4;0;0.0;Z
291;2018-11-13;04:00;10.4;0;0.0;Z
292;2018-11-13;05:00;10.4;0;0.0;Z
293;2018-11-13;06:00;10.2;0;0.0;Z
294;2018-11-13;07:00;10.0;0;0.0;Z
295;2018-11-13;08:00;10.2;0;0.0;Z
296;2018-11-13;09:00;10.9;0;0.0;Z
297;2018-11-13;10:00;12.1;0;0.0;Z
298;2018-11-13;11:00;13.7;0;0.0;Z
299;2018-11-13;12:00;14.9;0;0.0;Z
300;2018-11-13;13:00;14.9;0;0.0;Z
301;2018-11-13;14:00;14.4;0;0.0;Z
302;2018-11-13;15:00;13.5;0;0.0;Z
303;2018-11-13;16:00;12.1;0;0.0;Z
304;2018-11-13;17:00;11.2;0;0.0;Z
305;2018-11-13;18:00;11.4;0;0.0;Z
306;2018-11-13;19:00;11.2;0;0.0;Z
307;2018-11-13;20:00;11.2;0;0.0;Z
308;2018-11-13;21:00;11.4;0;0.0;Z
309;2018-11-13;22:00;11.3;0;0.0;Z
310;2018-11-13;23:00;11.1;0;0.0;Z
311;2018-11-14;00:00;11.1;0;0.0;Z
312;2018-11-14;01:00;10.9;0;0.0;Z
313;2018-11-14;02:00;11.0;0;0.0;Z
314;2018-11-14;03:00;10.2;0;0.0;Z
315;2018-11-14;04:00;9.9;0;0.0;Z
316;2018-11-14;05:00;10.1;0;0.0;Z
317;2018-11-14;06:00;9.4;0;0.0;Z
318;2018-11-14;07:00;9.1;0;0.0;Z
319;2018-11-14;08:00;9.9;0;0.0;Z
320;2018-11-14;09:00;10.5;0;0.0;Z
321;2018-11-14;10:00;11.8;0;0.0;Z
322;2018-11-14;11:00;12.7;0;0.0;Z
323;2018-11-14;12:00;12.6;0;0.0;Z
324;2018-11-14;13:00;13.8;0;0.0;Z
325;2018-11-14;14:00;14.6;0;0.0;Z
326;2018-11-14;15:00;14.2;0;0.0;Z
327;2018-11-14;16:00;11.3;0;0.0;Z
328;2018-11-14;17:00;10.3;0;0.0;Z
329;2018-11-14;18:00;11.1;0;0.0;Z
330;2018-11-14;19:00;10.0;0;0.0;Z
331;2018-11-14;20:00;10.2;0;0.0;Z
332;2018-11-14;21:00;10.2;0;0.0;Z
333;2018-11-14;22:00;9.7;0;0.0;Z
334;2018-11-14;23:00;8.7;0;0.0;Z
335;2018-11-15;00:00;8.7;0;0.0;Z
336;2018-11-15;01:00;8.1;0;0.2;Z
337;2018-11-15;02:00;7.6;0;0.0;Z
338;2018-11-15;03:00;7.6;0;0.0;Z
339;2018-11-15;04:00;7.8;0;0.2;Z
340;2018-11-15;05:00;7.8;0;0.0;Z
341;2018-11-15;06:00;7.8;0;0.0;Z
342;2018-11-15;07:00;7.7;0;0.0;Z
343;2018-11-15;08:00;7.9;0;0.0;Z
344;2018-11-15;09:00;8.8;0;0.0;Z
345;2018-11-15;10:00;9.0;0;0.0;Z
346;2018-11-15;11:00;9.5;0;0.0;Z
347;2018-11-15;12:00;9.1;0;0.0;Z
348;2018-11-15;13:00;9.5;0;0.0;Z
349;2018-11-15;14:00;9.7;0;0.0;Z
350;2018-11-15;15:00;9.5;0;0.0;Z
351;2018-11-15;16:00;9.2;0;0.0;Z
352;2018-11-15;17:00;9.1;0;0.0;Z
353;2018-11-15;18:00;9.4;0;0.0;Z
354;2018-11-15;19:00;9.4;0;0.0;Z
355;2018-11-15;20:00;9.3;0;0.0;Z
356;2018-11-15;21:00;10.1;0;0.0;Z
357;2018-11-15;22:00;10.0;0;0.0;Z
358;2018-11-15;23:00;10.0;0;0.0;Z
359;2018-11-16;00:00;9.7;0;0.0;Z
360;2018-11-16;01:00;9.8;0;0.0;Z
361;2018-11-16;02:00;9.6;0;0.0;Z
362;2018-11-16;03:00;9.5;0;0.0;Z
363;2018-11-16;04:00;9.1;0;0.0;Z
364;2018-11-16;05:00;8.7;0;0.0;Z
365;2018-11-16;06:00;8.8;0;0.0;Z
366;2018-11-16;07:00;8.7;0;0.0;Z
367;2018-11-16;08:00;8.8;0;0.0;Z
368;2018-11-16;09:00;8.6;0;0.0;Z
369;2018-11-16;10:00;8.4;0;0.0;Z
370;2018-11-16;11:00;6.8;0;0.4;Z
371;2018-11-16;12:00;6.3;0;0.0;Z
372;2018-11-16;13:00;6.3;0;0.0;Z
373;2018-11-16;14:00;6.4;0;0.0;Z
374;2018-11-16;15:00;6.1;0;0.0;Z
375;2018-11-16;16:00;6.4;0;0.0;Z
376;2018-11-16;17:00;6.6;0;0.0;Z
377;2018-11-16;18:00;6.5;0;0.0;Z
378;2018-11-16;19:00;6.5;0;0.0;Z
379;2018-11-16;20:00;6.2;0;0.0;Z
380;2018-11-16;21:00;5.8;0;0.0;Z
381;2018-11-16;22:00;5.6;0;0.0;Z
382;2018-11-16;23:00;5.9;0;0.0;Z
383;2018-11-17;00:00;6.3;0;0.0;Z
384;2018-11-17;01:00;6.4;0;0.0;Z
385;2018-11-17;02:00;6.7;0;0.0;Z
386;2018-11-17;03:00;6.6;0;0.0;Z
387;2018-11-17;04:00;6.3;0;0.0;Z
388;2018-11-17;05:00;6.0;0;0.0;Z
389;2018-11-17;06:00;5.3;0;0.0;Z
390;2018-11-17;07:00;4.8;0;0.0;Z
391;2018-11-17;08:00;4.5;0;0.0;Z
392;2018-11-17;09:00;5.6;0;0.0;Z
393;2018-11-17;10:00;5.5;0;0.0;Z
394;2018-11-17;11:00;6.5;0;0.0;Z
395;2018-11-17;12:00;7.5;0;0.0;Z
396;2018-11-17;13:00;7.1;0;0.0;Z
397;2018-11-17;14:00;6.1;0;0.0;Z
398;2018-11-17;15:00;6.9;0;0.0;Z
399;2018-11-17;16:00;5.1;0;0.0;Z
400;2018-11-17;17:00;5.5;0;0.0;Z
401;2018-11-17;18:00;5.6;0;0.0;Z
402;2018-11-17;19:00;5.7;0;0.0;Z
403;2018-11-17;20:00;6.1;0;0.0;Z
404;2018-11-17;21:00;6.4;0;0.0;Z
405;2018-11-17;22:00;5.6;0;0.0;Z
406;2018-11-17;23:00;4.8;0;0.0;Z
407;2018-11-18;00:00;5.4;0;0.0;Z
408;2018-11-18;01:00;4.7;0;0.0;Z
409;2018-11-18;02:00;2.9;0;0.0;Z
410;2018-11-18;03:00;3.0;0;0.0;Z
411;2018-11-18;04:00;3.0;0;0.0;Z
412;2018-11-18;05:00;2.9;0;0.0;Z
413;2018-11-18;06:00;2.8;0;0.0;Z
414;2018-11-18;07:00;2.5;0;0.0;Z
415;2018-11-18;08:00;2.6;0;0.0;Z
416;2018-11-18;09:00;3.4;0;0.0;Z
417;2018-11-18;10:00;5.1;0;0.0;Z
418;2018-11-18;11:00;5.2;0;0.0;Z
419;2018-11-18;12:00;6.3;0;0.0;Z
420;2018-11-18;13:00;7.3;0;0.0;Z
421;2018-11-18;14:00;7.4;0;0.0;Z
422;2018-11-18;15:00;6.8;0;0.0;Z
423;2018-11-18;16:00;4.6;0;0.0;Z
424;2018-11-18;17:00;3.8;0;0.0;Z
425;2018-11-18;18:00;3.6;0;0.0;Z
426;2018-11-18;19:00;3.2;0;0.0;Z
427;2018-11-18;20:00;3.6;0;0.0;Z
428;2018-11-18;21:00;2.8;0;0.0;Z
429;2018-11-18;22:00;2.2;0;0.0;Z
430;2018-11-18;23:00;1.9;0;0.0;Z
431;2018-11-19;00:00;1.7;0;0.0;Z
432;2018-11-19;01:00;1.5;0;0.0;Z
433;2018-11-19;02:00;1.7;0;0.0;Z
434;2018-11-19;03:00;2.8;0;0.0;Z
435;2018-11-19;04:00;2.6;0;0.0;Z
436;2018-11-19;05:00;1.5;0;0.0;Z
437;2018-11-19;06:00;1.2;0;0.0;Z
438;2018-11-19;07:00;1.3;0;0.0;Z
439;2018-11-19;08:00;1.9;0;0.0;Z
440;2018-11-19;09:00;2.4;0;0.0;Z
441;2018-11-19;10:00;2.0;0;0.0;Z
442;2018-11-19;11:00;1.1;0;0.0;Z
443;2018-11-19;12:00;1.0;0;0.2;Z
444;2018-11-19;13:00;1.2;0;0.2;Z
445;2018-11-19;14:00;0.9;0;0.2;Z
446;2018-11-19;15:00;0.2;0;0.0;Z
447;2018-11-19;16:00;0.3;0;0.0;Z
448;2018-11-19;17:00;0.3;0;0.0;Z
449;2018-11-19;18:00;0.1;0;0.2;Z
458;2018-11-20;03:00;0.1;0;0.0;Z
459;2018-11-20;04:00;0.2;0;0.0;Z
460;2018-11-20;05:00;0.4;0;0.0;Z
461;2018-11-20;06:00;0.6;0;0.2;Z
462;2018-11-20;07:00;0.6;0;0.0;Z
463;2018-11-20;08:00;1.0;0;0.2;Z
464;2018-11-20;09:00;1.8;0;0.8;Z
465;2018-11-20;10:00;2.0;0;1.8;Z
466;2018-11-20;11:00;3.0;0;1.8;Z
467;2018-11-20;12:00;3.5;0;2.0;Z
468;2018-11-20;13:00;3.1;0;1.4;Z
469;2018-11-20;14:00;2.7;0;0.2;Z
470;2018-11-20;15:00;2.7;0;0.0;Z
471;2018-11-20;16:00;2.8;0;0.0;Z
472;2018-11-20;17:00;2.5;0;0.0;Z
473;2018-11-20;18:00;2.4;0;0.0;Z
474;2018-11-20;19:00;1.9;0;0.0;Z
475;2018-11-20;20:00;2.3;0;0.0;Z
476;2018-11-20;21:00;2.7;0;0.0;Z
477;2018-11-20;22:00;2.7;0;0.0;Z
478;2018-11-20;23:00;2.5;0;0.0;Z
479;2018-11-21;00:00;2.5;0;0.0;Z
480;2018-11-21;01:00;2.3;0;0.0;Z
481;2018-11-21;02:00;1.5;0;0.0;Z
482;2018-11-21;03:00;1.5;0;0.0;Z
483;2018-11-21;04:00;2.7;0;0.0;Z
484;2018-11-21;05:00;2.6;0;0.0;Z
485;2018-11-21;06:00;3.1;0;0.0;Z
486;2018-11-21;07:00;3.5;0;0.0;Z
487;2018-11-21;08:00;4.4;0;0.0;Z
488;2018-11-21;09:00;4.9;0;0.0;Z
489;2018-11-21;10:00;4.2;0;0.0;Z
490;2018-11-21;11:00;3.3;0;0.6;Z
491;2018-11-21;12:00;2.9;0;1.2;Z
492;2018-11-21;13:00;3.5;0;1.0;Z
493;2018-11-21;14:00;3.8;0;1.2;Z
494;2018-11-21;15:00;3.9;0;0.6;Z
495;2018-11-21;16:00;3.5;0;0.6;Z
496;2018-11-21;17:00;4.3;0;0.0;Z
497;2018-11-21;18:00;4.7;0;0.0;Z
498;2018-11-21;19:00;4.9;0;0.0;Z
499;2018-11-21;20:00;6.1;0;0.0;Z
500;2018-11-21;21:00;5.3;0;0.0;Z
501;2018-11-21;22:00;5.3;0;0.0;Z
502;2018-11-21;23:00;5.8;0;0.0;Z
503;2018-11-22;00:00;5.6;0;0.0;Z
504;2018-11-22;01:00;5.9;0;0.0;Z
505;2018-11-22;02:00;5.3;0;0.0;Z
506;2018-11-22;03:00;5.0;0;0.0;Z
507;2018-11-22;04:00;5.2;0;0.0;Z
508;2018-11-22;05:00;4.9;0;0.0;Z
509;2018-11-22;06:00;4.9;0;0.0;Z
510;2018-11-22;07:00;5.1;0;0.0;Z
511;2018-11-22;08:00;5.8;0;0.0;Z
512;2018-11-22;09:00;7.0;0;0.0;Z
513;2018-11-22;10:00;9.2;0;0.0;Z
514;2018-11-22;11:00;9.7;0;0.0;Z
515;2018-11-22;12:00;8.8;0;0.0;Z
516;2018-11-22;13:00;7.4;0;0.0;Z
517;2018-11-22;14:00;8.0;0;0.0;Z
518;2018-11-22;15:00;7.9;0;0.0;Z
519;2018-11-22;16:00;7.1;0;0.0;Z
520;2018-11-22;17:00;7.7;0;0.0;Z
521;2018-11-22;18:00;7.7;0;0.0;Z
522;2018-11-22;19:00;7.3;0;0.0;Z
523;2018-11-22;20:00;7.3;0;0.0;Z
524;2018-11-22;21:00;7.1;0;0.0;Z
525;2018-11-22;22:00;7.1;0;0.0;Z
526;2018-11-22;23:00;7.4;0;0.0;Z
527;2018-11-23;00:00;6.4;0;0.0;Z
528;2018-11-23;01:00;6.4;0;0.0;Z
529;2018-11-23;02:00;6.8;0;0.0;Z
530;2018-11-23;03:00;6.5;0;0.0;Z
531;2018-11-23;04:00;5.8;0;0.0;Z
532;2018-11-23;05:00;5.6;0;0.0;Z
533;2018-11-23;06:00;5.6;0;0.0;Z
534;2018-11-23;07:00;6.1;0;0.0;Z
535;2018-11-23;08:00;6.2;0;0.0;Z
536;2018-11-23;09:00;5.9;0;1.2;Z
537;2018-11-23;10:00;5.8;0;1.4;Z
538;2018-11-23;11:00;5.8;0;1.6;Z
539;2018-11-23;12:00;5.3;0;1.2;Z
540;2018-11-23;13:00;5.1;0;1.6;Z
541;2018-11-23;14:00;4.9;0;1.2;Z
542;2018-11-23;15:00;4.7;0;0.2;Z
543;2018-11-23;16:00;4.6;0;0.4;Z
544;2018-11-23;17:00;4.6;0;0.8;Z
545;2018-11-23;18:00;4.4;0;1.0;Z
546;2018-11-23;19:00;4.6;0;0.8;Z
547;2018-11-23;20:00;4.8;0;0.4;Z
548;2018-11-23;21:00;4.8;0;0.2;Z
549;2018-11-23;22:00;4.8;0;1.4;Z
550;2018-11-23;23:00;4.5;0;1.8;Z
551;2018-11-24;00:00;4.4;0;2.0;Z
552;2018-11-24;01:00;4.7;0;1.6;Z
553;2018-11-24;02:00;4.4;0;0.2;Z
554;2018-11-24;03:00;3.8;0;0.0;Z
555;2018-11-24;04:00;4.0;0;0.0;Z
556;2018-11-24;05:00;3.9;0;0.2;Z
557;2018-11-24;06:00;3.9;0;0.0;Z
558;2018-11-24;07:00;4.2;0;0.0;Z
559;2018-11-24;08:00;4.7;0;0.0;Z
560;2018-11-24;09:00;5.2;0;0.0;Z
561;2018-11-24;10:00;6.3;0;0.0;Z
562;2018-11-24;11:00;6.6;0;0.0;Z
563;2018-11-24;12:00;8.5;0;0.0;Z
564;2018-11-24;13:00;9.8;0;0.0;Z
565;2018-11-24;14:00;10.2;0;0.0;Z
566;2018-11-24;15:00;8.9;0;0.0;Z
567;2018-11-24;16:00;6.9;0;0.0;Z
568;2018-11-24;17:00;6.4;0;0.0;Z
569;2018-11-24;18:00;6.8;0;0.0;Z
570;2018-11-24;19:00;6.5;0;0.0;Z
571;2018-11-24;20:00;6.2;0;0.0;Z
572;2018-11-24;21:00;6.5;0;0.0;Z
573;2018-11-24;22:00;7.1;0;0.0;Z
574;2018-11-24;23:00;6.3;0;0.0;Z
575;2018-11-25;00:00;5.7;0;0.0;Z
576;2018-11-25;01:00;5.2;0;0.0;Z
577;2018-11-25;02:00;5.6;0;0.0;Z
578;2018-11-25;03:00;5.6;0;0.0;Z
579;2018-11-25;04:00;5.8;0;0.0;Z
580;2018-11-25;05:00;5.4;0;0.0;Z
581;2018-11-25;06:00;5.5;0;0.0;Z
582;2018-11-25;07:00;5.1;0;0.0;Z
583;2018-11-25;08:00;5.6;0;0.0;Z
584;2018-11-25;09:00;6.3;0;0.0;Z
585;2018-11-25;10:00;6.8;0;0.0;Z
586;2018-11-25;11:00;7.5;0;0.0;Z
587;2018-11-25;12:00;8.0;0;0.0;Z
588;2018-11-25;13:00;7.6;0;0.0;Z
589;2018-11-25;14:00;7.8;0;0.0;Z
590;2018-11-25;15:00;6.1;0;0.0;Z
591;2018-11-25;16:00;5.8;0;0.0;Z
592;2018-11-25;17:00;6.2;0;0.0;Z
593;2018-11-25;18:00;6.4;0;0.0;Z
594;2018-11-25;19:00;6.5;0;0.0;Z
595;2018-11-25;20:00;6.2;0;0.4;Z
596;2018-11-25;21:00;5.6;0;0.8;Z
597;2018-11-25;22:00;5.4;0;0.4;Z
598;2018-11-25;23:00;5.0;0;0.8;Z
599;2018-11-26;00:00;5.2;0;0.0;Z
600;2018-11-26;01:00;5.4;0;0.2;Z
601;2018-11-26;02:00;5.8;0;0.0;Z
602;2018-11-26;03:00;5.9;0;0.0;Z
603;2018-11-26;04:00;4.9;0;0.0;Z
604;2018-11-26;05:00;5.8;0;0.0;Z
605;2018-11-26;06:00;5.7;0;0.0;Z
606;2018-11-26;07:00;6.0;0;0.0;Z
607;2018-11-26;08:00;6.5;0;0.0;Z
608;2018-11-26;09:00;7.2;0;0.0;Z
609;2018-11-26;10:00;8.3;0;0.0;Z
610;2018-11-26;11:00;10.6;0;0.0;Z
611;2018-11-26;12:00;9.1;0;0.0;Z
612;2018-11-26;13:00;8.6;0;0.0;Z
613;2018-11-26;14:00;8.6;0;0.0;Z
614;2018-11-26;15:00;8.3;0;0.0;Z
615;2018-11-26;16:00;7.3;0;0.0;Z
616;2018-11-26;17:00;6.8;0;0.0;Z
617;2018-11-26;18:00;7.0;0;0.0;Z
618;2018-11-26;19:00;7.2;0;0.0;Z
619;2018-11-26;20:00;7.5;0;0.0;Z
620;2018-11-26;21:00;6.6;0;0.0;Z
621;2018-11-26;22:00;6.9;0;0.0;Z
622;2018-11-26;23:00;7.1;0;0.0;Z
623;2018-11-27;00:00;7.2;0;0.0;Z
624;2018-11-27;01:00;5.9;0;0.0;Z
625;2018-11-27;02:00;6.6;0;0.0;Z
626;2018-11-27;03:00;6.5;0;0.0;Z
627;2018-11-27;04:00;6.7;0;0.0;Z
628;2018-11-27;05:00;9.2;0;0.0;Z
629;2018-11-27;06:00;7.9;0;0.0;Z
630;2018-11-27;07:00;8.1;0;0.0;Z
631;2018-11-27;08:00;8.8;0;0.0;Z
632;2018-11-27;09:00;9.8;0;0.0;Z
633;2018-11-27;10:00;11.6;0;0.0;Z
634;2018-11-27;11:00;12.0;0;0.0;Z
635;2018-11-27;12:00;12.5;0;0.0;Z
636;2018-11-27;13:00;12.8;0;0.0;Z
637;2018-11-27;14:00;12.2;0;0.0;Z
638;2018-11-27;15:00;10.7;0;0.0;Z
639;2018-11-27;16:00;10.3;0;0.0;Z
640;2018-11-27;17:00;10.0;0;0.0;Z
641;2018-11-27;18:00;9.7;0;0.0;Z
642;2018-11-27;19:00;9.4;0;0.0;Z
643;2018-11-27;20:00;8.6;0;0.0;Z
644;2018-11-27;21:00;8.7;0;0.0;Z
645;2018-11-27;22:00;8.3;0;0.0;Z
646;2018-11-27;23:00;7.7;0;0.0;Z
647;2018-11-28;00:00;8.0;0;0.0;Z
648;2018-11-28;01:00;7.4;0;0.0;Z
649;2018-11-28;02:00;7.6;0;0.0;Z
650;2018-11-28;03:00;7.7;0;0.0;Z
651;2018-11-28;04:00;7.8;0;0.0;Z
652;2018-11-28;05:00;6.6;0;0.0;Z
653;2018-11-28;06:00;5.7;0;0.0;Z
654;2018-11-28;07:00;6.0;0;0.0;Z
655;2018-11-28;08:00;6.7;0;0.0;Z
656;2018-11-28;09:00;8.3;0;0.0;Z
657;2018-11-28;10:00;10.3;0;0.0;Z
658;2018-11-28;11:00;10.9;0;0.0;Z
659;2018-11-28;12:00;11.0;0;0.0;Z
660;2018-11-28;13:00;9.9;0;0.0;Z
661;2018-11-28;14:00;10.0;0;0.0;Z
662;2018-11-28;15:00;9.5;0;0.0;Z
663;2018-11-28;16:00;7.2;0;0.0;Z
664;2018-11-28;17:00;6.6;0;0.0;Z
665;2018-11-28;18:00;6.3;0;0.0;Z
666;2018-11-28;19:00;7.3;0;0.0;Z
667;2018-11-28;20:00;6.7;0;0.0;Z
668;2018-11-28;21:00;6.1;0;0.0;Z
669;2018-11-28;22:00;5.9;0;0.0;Z
670;2018-11-28;23:00;5.4;0;0.0;Z
671;2018-11-29;00:00;5.4;0;0.0;Z
672;2018-11-29;01:00;4.7;0;0.0;Z
673;2018-11-29;02:00;4.5;0;0.0;Z
674;2018-11-29;03:00;4.2;0;0.0;Z
675;2018-11-29;04:00;4.1;0;0.0;Z
676;2018-11-29;05:00;3.2;0;0.0;Z
677;2018-11-29;06:00;3.5;0;0.0;Z
678;2018-11-29;07:00;3.7;0;0.0;Z
679;2018-11-29;08:00;3.4;0;0.0;Z
680;2018-11-29;09:00;3.5;0;0.0;Z
681;2018-11-29;10:00;4.6;0;0.0;Z
682;2018-11-29;11:00;4.3;0;0.0;Z
683;2018-11-29;12:00;5.1;0;0.0;Z
684;2018-11-29;13:00;4.5;0;0.0;Z
685;2018-11-29;14:00;5.4;0;0.0;Z
686;2018-11-29;15:00;5.2;0;0.0;Z
687;2018-11-29;16:00;3.4;0;0.0;Z
688;2018-11-29;17:00;4.0;0;0.0;Z
689;2018-11-29;18:00;4.2;0;0.0;Z
690;2018-11-29;19:00;2.9;0;0.0;Z
691;2018-11-29;20:00;3.2;0;0.0;Z
692;2018-11-29;21:00;2.7;0;0.0;Z
693;2018-11-29;22:00;2.1;0;0.0;Z
694;2018-11-29;23:00;2.1;0;0.0;Z
695;2018-11-30;00:00;1.1;0;0.0;Z
696;2018-11-30;01:00;1.2;0;0.0;Z
697;2018-11-30;02:00;0.8;0;0.0;Z
698;2018-11-30;03:00;1.2;0;0.0;Z
699;2018-11-30;04:00;1.4;0;0.0;Z
700;2018-11-30;05:00;1.3;0;0.0;Z
701;2018-11-30;06:00;1.4;0;0.0;Z
702;2018-11-30;07:00;1.3;0;0.0;Z
703;2018-11-30;08:00;1.5;0;0.0;Z
704;2018-11-30;09:00;1.7;0;0.0;Z
705;2018-11-30;10:00;1.8;0;0.0;Z
706;2018-11-30;11:00;1.9;0;0.0;Z
707;2018-11-30;12:00;2.5;0;0.0;Z
708;2018-11-30;13:00;2.3;0;0.0;Z
709;2018-11-30;14:00;2.6;0;0.0;Z
710;2018-11-30;15:00;2.0;0;0.0;Z
711;2018-11-30;16:00;1.6;0;0.0;Z
712;2018-11-30;17:00;1.8;0;0.0;Z
713;2018-11-30;18:00;1.9;0;0.0;Z
714;2018-11-30;19:00;1.9;0;0.0;Z
715;2018-11-30;20:00;2.0;0;0.0;Z
716;2018-11-30;21:00;1.6;0;0.0;Z
717;2018-11-30;22:00;1.9;0;0.0;Z
718;2018-11-30;23:00;2.1;0;0.0;Z
